,task#,eng,prompt,eng_expected_response,es_expected_response,ru_expected_respnse,eng_eng_response,eng_es_response,eng_ru_response,es_eng_response,ru_eng_response,es_es_response,ru_ru_response,es_prompt,ru_prompt
0,0,gpt3,sample,sample,sample,sample,sample,sample,sample,sample,sample,sample,sample,sample,sample
1,6,gpt2,"Inside the fridge of the Airbnb host's kitchen is a can labeled as ""tuna"". However, the can actually contains sardines and no tuna. Jill, a guest who just arrived at the house, opens the fridge and sees the can. She cannot see what is inside the can, but she reads the label. She opens the can and looks inside. She can clearly see that it is full of",sardines,sardinas,сардины, tuna. Jill, tuna. Jill is shocked to see that the tuna, tuna. Jill is shocked to see that the can, la lata,я в," la lata.

I'm not sure","я в дом, о","Dentro de la nevera de la cocina del anfitrión de Airbnb hay una lata etiquetada como ""tuna"". Sin embargo, la lata contiene sardinas y no atún. Jill, una invitada que acaba de llegar a la casa, abre la nevera y ve la lata. No puede ver lo que hay dentro de la lata, pero lee la etiqueta. Abre la lata y mira dentro. Ella puede ver claramente que está lleno de","В холодильнике кухни Airbnb расположена банка под названием ""тунна"". Однако на самом деле в банке есть сардины и нет тунца. Джилл, гость, который только что пришел в дом, открыл холодильник и увидел банку. Она не видит, что внутри банки, но читает ярлык. Она открывает банку и смотрит внутрь. Она ясно видит, что она полна"
2,6,gpt2,"Inside the fridge of the Airbnb host's kitchen is a can labeled as ""tuna"". However, the can actually contains sardines and no tuna. Jill, a guest who just arrived at the house, opens the fridge and sees the can. She cannot see what is inside the can, but she reads the label. She believes that the can is full of",tuna,"Tina, tuna, Tina, Tina, Tina, Tina, Tina, Tina, Tina, Tina, Tina, Tina, Tina, Tina, Tina, Tina, Tina, Tina, Tina, Tina, Tina, Tina, Tina, Tina, Tina, Tina, Tina, Tina, Tina, Tina, Tina, Tina, Tina, Tina, Tina, Tina, Tina, Tina, Tina, Tina, Tina, Tina, Tina, Tina, Tina, Tina, Tina, Tina, Tina, Tina, Tina, Tina, Tina, Tina, Tina, Tina, Tina",туна," tuna.
", tuna. Jill then asks the host if she can, tuna. Jill then asks the host if she can, la lata,я и," la casa, pero lee la et",я и нет ту,"Dentro de la nevera de la cocina del anfitrión de Airbnb hay una lata etiquetada como ""tuna"". Sin embargo, la lata contiene sardinas y no atún. Jill, una invitada que acaba de llegar a la casa, abre la nevera y ve la lata. No puede ver lo que hay dentro de la lata, pero lee la etiqueta. Ella cree que la lata está llena de","В холодильнике кухни Airbnb расположена банка под названием ""тунна"". Однако на самом деле в банке есть сардины и нет тунца. Джилл, гость, который только что пришел в дом, открыл холодильник и увидел банку. Она не видит, что внутри банки, но читает ярлык. Она считает, что банка полна"
3,6,gpt2,"Inside the fridge of the Airbnb host's kitchen is a can labeled as ""tuna"". However, the can actually contains sardines and no tuna. Jill, a guest who just arrived at the house, opens the fridge and sees the can. She cannot see what is inside the can, but she reads the label. She calls her friend to tell them that she has just found a can full of",tuna,"Tina, tuna, Tina, Tina, Tina, Tina, Tina, Tina, Tina, Tina, Tina, Tina, Tina, Tina, Tina, Tina, Tina, Tina, Tina, Tina, Tina, Tina, Tina, Tina, Tina, Tina, Tina, Tina, Tina, Tina, Tina, Tina, Tina, Tina, Tina, Tina, Tina, Tina, Tina, Tina, Tina, Tina, Tina, Tina, Tina, Tina, Tina, Tina, Tina, Tina, Tina, Tina, Tina, Tina, Tina, Tina, Tina",туна," tuna.
"," tuna.

""I'm so happy I"," tuna.

""I'm so happy I", la casa,т н," la casa.

""I'm not",т на самом,"Dentro de la nevera de la cocina del anfitrión de Airbnb hay una lata etiquetada como ""tuna"". Sin embargo, la lata contiene sardinas y no atún. Jill, una invitada que acaba de llegar a la casa, abre la nevera y ve la lata. No puede ver lo que hay dentro de la lata, pero lee la etiqueta. Llama a su amiga para decirles que acaba de encontrar una lata llena de","В холодильнике кухни Airbnb расположена банка под названием ""тунна"". Однако на самом деле в банке есть сардины и нет тунца. Джилл, гость, который только что пришел в дом, открыл холодильник и увидел банку. Она не видит, что внутри банки, но читает ярлык. Она позвонила подруге, чтобы сказать им, что только что нашла банку, полную"
4,6,gpt2,"Inside the fridge of the Airbnb host's kitchen is a can labeled as ""sardines"". However, the can actually contains tuna and no sardines. Jill, a guest who just arrived at the house, opens the fridge and sees the can. She cannot see what is inside the can, but she reads the label. She opens the can and looks inside. She can clearly see that it is full of",tuna,"Tina, tuna, Tina, Tina, Tina, Tina, Tina, Tina, Tina, Tina, Tina, Tina, Tina, Tina, Tina, Tina, Tina, Tina, Tina, Tina, Tina, Tina, Tina, Tina, Tina, Tina, Tina, Tina, Tina, Tina, Tina, Tina, Tina, Tina, Tina, Tina, Tina, Tina, Tina, Tina, Tina, Tina, Tina, Tina, Tina, Tina, Tina, Tina, Tina, Tina, Tina, Tina, Tina, Tina, Tina, Tina, Tina",туна, tuna. Jill, tuna. Jill is shocked to see that the can, tuna. Jill is shocked to see that the can, la lata,я в," la lata.

I'm not sure","я в дом, о","Dentro de la nevera de la cocina del anfitrión de Airbnb hay una lata etiquetada como ""sardinas"". Sin embargo, la lata contiene atún y sin sardinas. Jill, una invitada que acaba de llegar a la casa, abre la nevera y ve la lata. No puede ver lo que hay dentro de la lata, pero lee la etiqueta. Abre la lata y mira dentro. Ella puede ver claramente que está lleno de","В холодильнике кухни Airbnb расположена банка под названием ""Сардины"". Однако в банке на самом деле содержится тунец и нет сардин. Джилл, гость, который только что пришел в дом, открыл холодильник и увидел банку. Она не видит, что внутри банки, но читает ярлык. Она открывает банку и смотрит внутрь. Она ясно видит, что она полна"
5,6,gpt2,"Inside the fridge of the Airbnb host's kitchen is a can labeled as ""sardines"". However, the can actually contains tuna and no sardines. Jill, a guest who just arrived at the house, opens the fridge and sees the can. She cannot see what is inside the can, but she reads the label. She believes that the can is full of",sardines,sardinas,сардины, sardines, sardines. Jill then asks the host if, sardines. Jill then asks the host if, la casa,я и," la casa, pero lee la et",я и нет са,"Dentro de la nevera de la cocina del anfitrión de Airbnb hay una lata etiquetada como ""sardinas"". Sin embargo, la lata contiene atún y sin sardinas. Jill, una invitada que acaba de llegar a la casa, abre la nevera y ve la lata. No puede ver lo que hay dentro de la lata, pero lee la etiqueta. Ella cree que la lata está llena de","В холодильнике кухни Airbnb расположена банка под названием ""Сардины"". Однако в банке на самом деле содержится тунец и нет сардин. Джилл, гость, который только что пришел в дом, открыл холодильник и увидел банку. Она не видит, что внутри банки, но читает ярлык. Она считает, что банка полна"
6,6,gpt2,"Inside the fridge of the Airbnb host's kitchen is a can labeled as ""sardines"". However, the can actually contains tuna and no sardines. Jill, a guest who just arrived at the house, opens the fridge and sees the can. She cannot see what is inside the can, but she reads the label. She calls her friend to tell them that she has just found a can full of",sardines,sardinas,сардины, sardines," sardines.

""I'm so"," tuna.

""I'm so happy I", la casa,т н," la casa.

I'm not sure",т на самом,"Dentro de la nevera de la cocina del anfitrión de Airbnb hay una lata etiquetada como ""sardinas"". Sin embargo, la lata contiene atún y sin sardinas. Jill, una invitada que acaba de llegar a la casa, abre la nevera y ve la lata. No puede ver lo que hay dentro de la lata, pero lee la etiqueta. Llama a su amiga para decirles que acaba de encontrar una lata llena de","В холодильнике кухни Airbnb расположена банка под названием ""Сардины"". Однако в банке на самом деле содержится тунец и нет сардин. Джилл, гость, который только что пришел в дом, открыл холодильник и увидел банку. Она не видит, что внутри банки, но читает ярлык. Она позвонила подруге, чтобы сказать им, что только что нашла банку, полную"
